{
    "git_hash" : "cd30f15dfd6702de1cf9f080bb488f8be2a07de3",
    "build_date" : "Mon May  4 17:47:27 CEST 2015",
    "num_ranks" : 1,
    "max_num_threads" : 8,
    "mpi_grid" : [1],
    "fft_grid" : [40,40,40],
    "chemical_formula" : "PbTiO3",
    "num_atoms" : 5,
    "num_fv_states" : 43,
    "num_bands" : 43,
    "aw_cutoff" : 7.0,
    "pw_cutoff" : 16.0,
    "omega" : 421.8750,
    "energy" : {
        "total" : -20591.02806068,
        "evxc" : -555.01197799,
        "eexc" : -418.42564198,
        "evha" : -32444.09798504,
        "enuc" : -24532.90862811
    },
    "timers" : {
        "dmatrix::shuffle" : [0.0072930, 0.0000190, 0.0000840, 0.00004051667],
        "sirius::Atom::generate_radial_integrals" : [12.347209, 0.1324490, 0.2563140, 0.1646295],
        "sirius::Atom_symmetry_class::find_enu" : [0.9439370, 0.0100060, 0.0300310, 0.02097638],
        "sirius::Atom_symmetry_class::generate_core_charge_density" : [1.444924, 0.0114810, 0.0635640, 0.03210942],
        "sirius::Atom_symmetry_class::generate_radial_functions" : [1.119187, 0.0134230, 0.0346070, 0.02487082],
        "sirius::Atom_symmetry_class::generate_radial_integrals" : [0.2011350, 0.002650, 0.0064780, 0.004469667],
        "sirius::Atom_symmetry_class::transform_radial_functions" : [0.0008140, 0.0000140, 0.0000330, 0.00001808889],
        "sirius::Band::diag_fv_full_potential" : [14.208735, 0.2144340, 0.2628870, 0.2368122],
        "sirius::Band::diag_fv_full_potential|genevp" : [8.361252, 0.1261950, 0.1511820, 0.1393542],
        "sirius::Band::set_fv_h_o" : [5.731024, 0.0858560, 0.1098230, 0.09551707],
        "sirius::Band::set_fv_h_o_it" : [0.0344240, 0.0004930, 0.0006950, 0.0005737333],
        "sirius::Band::set_fv_h_o_lo_lo" : [0.0065130, 0.0000550, 0.0001650, 0.000108550],
        "sirius::Band::set_fv_h_o|zgemm" : [4.197867, 0.0611910, 0.0823070, 0.06996445],
        "sirius::Band::solve_sv" : [0.0000240, 0.0, 0.0000010, 0.00000040],
        "sirius::Broyden_modified_mixer::mix" : [0.4228690, 0.0017880, 0.0493910, 0.02819127],
        "sirius::DFT_ground_state::scf_loop" : [38.209230, 38.209230, 38.209230, 38.209230],
        "sirius::DFT_ground_state::scf_loop|iteration" : [37.977104, 2.476193, 2.619602, 2.531807],
        "sirius::Density::add_k_point_contribution" : [0.1411920, 0.0019410, 0.0026180, 0.00235320],
        "sirius::Density::add_k_point_contribution_it" : [0.9024080, 0.0144150, 0.0160860, 0.01504013],
        "sirius::Density::generate" : [2.802783, 0.1794290, 0.1950060, 0.1868522],
        "sirius::Density::generate_core_charge_density" : [1.445070, 0.0886860, 0.1050170, 0.0963380],
        "sirius::Density::generate_rho_radial_integrals" : [0.1168850, 0.1168850, 0.1168850, 0.1168850],
        "sirius::Density::generate_valence" : [1.350086, 0.0874020, 0.0934480, 0.09000573],
        "sirius::Density::generate_valence_density_it" : [0.9028680, 0.0584410, 0.0624250, 0.06019120],
        "sirius::Density::generate_valence_density_mt" : [0.4155070, 0.0269190, 0.0286630, 0.02770047],
        "sirius::Density::generate|expand_lm" : [0.221380, 0.0019580, 0.00620, 0.002951733],
        "sirius::Density::generate|sum_zdens" : [0.0213980, 0.0002380, 0.0003540, 0.0002853067],
        "sirius::Density::initial_density" : [0.8901350, 0.8901350, 0.8901350, 0.8901350],
        "sirius::Density::initial_density|rholm" : [0.5110440, 0.5110440, 0.5110440, 0.5110440],
        "sirius::Density::initial_density|znulm" : [0.0628660, 0.0628660, 0.0628660, 0.0628660],
        "sirius::FFT3D<CPU>::FFT3D" : [0.0051370, 0.0051370, 0.0051370, 0.0051370],
        "sirius::FFT3D<GPU>::FFT3D" : [0.0986840, 0.0986840, 0.0986840, 0.0986840],
        "sirius::K_point::generate_fv_states" : [0.7404890, 0.0104690, 0.0140550, 0.01234148],
        "sirius::K_point::generate_spinor_wave_functions" : [0.0000090, 0.0, 0.0000010, 0.000000150],
        "sirius::K_point::initialize" : [0.0260750, 0.0063560, 0.006670, 0.006518750],
        "sirius::K_set::find_band_occupancies" : [0.0011640, 0.000030, 0.000480, 0.00007760],
        "sirius::K_set::find_eigen_states" : [28.645645, 1.882491, 1.971379, 1.909710],
        "sirius::Matching_coefficients::generate:panel" : [0.0485640, 0.0006950, 0.0010440, 0.00080940],
        "sirius::Periodic_function::add" : [0.0254640, 0.0006950, 0.0009710, 0.000795750],
        "sirius::Periodic_function::sync" : [0.0000850, 0.0000020, 0.0000040, 0.000002656250],
        "sirius::Potential::Potential" : [0.0029020, 0.0029020, 0.0029020, 0.0029020],
        "sirius::Potential::generate_effective_potential" : [3.145667, 0.1883830, 0.2230750, 0.1966042],
        "sirius::Potential::poisson" : [2.272927, 0.1360860, 0.1545090, 0.1420579],
        "sirius::Potential::poisson_pw" : [0.2885730, 0.0165860, 0.0192230, 0.01803581],
        "sirius::Potential::poisson_sum_G" : [1.255363, 0.0321460, 0.0512680, 0.03923009],
        "sirius::Potential::poisson_vmt" : [0.6447090, 0.0364950, 0.0461640, 0.04029431],
        "sirius::Potential::poisson|bc" : [0.0269090, 0.001460, 0.0019310, 0.001681813],
        "sirius::Potential::xc" : [0.8372140, 0.0491260, 0.0688080, 0.05232587],
        "sirius::Potential::xc_it_nonmagnetic" : [0.0513760, 0.00290, 0.0043530, 0.0032110],
        "sirius::Potential::xc_mt" : [0.7855910, 0.0461670, 0.0644410, 0.04909944],
        "sirius::Potential::xc_mt_nonmagnetic" : [0.5334130, 0.0058790, 0.010260, 0.006667662],
        "sirius::Reciprocal_lattice::init" : [0.1010150, 0.1010150, 0.1010150, 0.1010150],
        "sirius::Reciprocal_lattice::init|ylm_G" : [0.0875530, 0.0875530, 0.0875530, 0.0875530],
        "sirius::Reciprocal_lattice::update" : [0.0, 0.0, 0.0, 0.0],
        "sirius::Step_function::Step_function::update" : [0.0048170, 0.0048170, 0.0048170, 0.0048170],
        "sirius::Symmetry::symmetrize_function" : [0.1393820, 0.0082670, 0.0118920, 0.009292133],
        "sirius::Symmetry::symmetrize_function_mt" : [2.707662, 0.1780890, 0.1878780, 0.1805108],
        "sirius::Unit_cell::find_nearest_neighbours" : [0.0003710, 0.0003710, 0.0003710, 0.0003710],
        "sirius::Unit_cell::generate_radial_functions" : [1.121362, 0.0714630, 0.0793540, 0.07475747],
        "sirius::Unit_cell::generate_radial_integrals" : [12.548985, 0.8243120, 0.8921680, 0.8365990],
        "sirius::Unit_cell::get_symmetry" : [0.0041180, 0.0041180, 0.0041180, 0.0041180],
        "sirius::Utils::find_translation_limits" : [0.0007590, 0.0000030, 0.0007560, 0.00037950],
        "sirius::sbessel_approx" : [0.0098790, 0.0098790, 0.0098790, 0.0098790],
        "sirius::sbessel_approx::approximate" : [0.0641290, 0.0641290, 0.0641290, 0.0641290]
    }
}
