{
    "control" : {
        "cyclic_block_size" : 16,
        "processing_unit" : "gpu",
        "std_evp_solver_type" : "lapack",
        "gen_evp_solver_type" : "lapack"
    },

    "parameters" : {
        "electronic_structure_method" : "full_potential_lapwlo",

        "num_fv_states" : 1000,

        "xc_functionals" : ["XC_LDA_X", "XC_LDA_C_PZ"],

        "smearing_width" : 0.025,

        "use_symmetry" : 1,

        "num_mag_dims" : 1,

        "auto_rmt" : 1,
        
        "aw_cutoff" : 3.0,
        "pw_cutoff" : 10.00,

        "energy_tol" : 1e-8,
        "potential_tol" : 1e-8,

        "num_dft_iter" : 1,

        "ngridk" : [1,1,1],

        "lmax_apw" : 6,
        "lmax_pot" : 6,
        "lmax_rho" : 6
    },
    
    "mixer" : {
        "beta" : 0.5,
        "type" : "broyden2",
        "max_history" : 8
    },

    "unit_cell" : {
        "lattice_vectors" : [
            [21.367889, 0.0, 0.0],
            [0.0, 21.367889, 0.0],
            [0.0, 0.0, 21.367889]
        ],
        "atom_types" : [
            "Mn",
            "As",
            "Ga"
        ],
        "atom_files" : {
            "Mn" : "Mn.json",
            "As" : "As.json",
            "Ga" : "Ga.json"
        },
        "atoms" : {
            "Mn" : [
                [0.0, 0.0, 0.0, 0, 0, 2]
            ],
            "As" : [
                [0.1250, 0.1250, 0.1250],
                [0.1250, 0.1250, 0.6250],
                [0.1250, 0.6250, 0.1250],
                [0.1250, 0.6250, 0.6250],
                [0.6250, 0.1250, 0.1250],
                [0.6250, 0.1250, 0.6250],
                [0.6250, 0.6250, 0.1250],
                [0.6250, 0.6250, 0.6250],
                [0.1250, 0.3750, 0.3750],
                [0.1250, 0.3750, 0.8750],
                [0.1250, 0.8750, 0.3750],
                [0.1250, 0.8750, 0.8750],
                [0.6250, 0.3750, 0.3750],
                [0.6250, 0.3750, 0.8750],
                [0.6250, 0.8750, 0.3750],
                [0.6250, 0.8750, 0.8750],
                [0.3750, 0.1250, 0.3750],
                [0.3750, 0.1250, 0.8750],
                [0.3750, 0.6250, 0.3750],
                [0.3750, 0.6250, 0.8750],
                [0.8750, 0.1250, 0.3750],
                [0.8750, 0.1250, 0.8750],
                [0.8750, 0.6250, 0.3750],
                [0.8750, 0.6250, 0.8750],
                [0.3750, 0.3750, 0.1250],
                [0.3750, 0.3750, 0.6250],
                [0.3750, 0.8750, 0.1250],
                [0.3750, 0.8750, 0.6250],
                [0.8750, 0.3750, 0.1250],
                [0.8750, 0.3750, 0.6250],
                [0.8750, 0.8750, 0.1250],
                [0.8750, 0.8750, 0.6250]
            ],
            "Ga" : [
                [0.0, 0.0, 0.50],
                [0.0, 0.50, 0.0],
                [0.0, 0.50, 0.50],
                [0.50, 0.0, 0.0],
                [0.50, 0.0, 0.50],
                [0.50, 0.50, 0.0],
                [0.50, 0.50, 0.50],
                [0.0, 0.250, 0.250],
                [0.0, 0.250, 0.750],
                [0.0, 0.750, 0.250],
                [0.0, 0.750, 0.750],
                [0.50, 0.250, 0.250],
                [0.50, 0.250, 0.750],
                [0.50, 0.750, 0.250],
                [0.50, 0.750, 0.750],
                [0.250, 0.0, 0.250],
                [0.250, 0.0, 0.750],
                [0.250, 0.50, 0.250],
                [0.250, 0.50, 0.750],
                [0.750, 0.0, 0.250],
                [0.750, 0.0, 0.750],
                [0.750, 0.50, 0.250],
                [0.750, 0.50, 0.750],
                [0.250, 0.250, 0.0],
                [0.250, 0.250, 0.50],
                [0.250, 0.750, 0.0],
                [0.250, 0.750, 0.50],
                [0.750, 0.250, 0.0],
                [0.750, 0.250, 0.50],
                [0.750, 0.750, 0.0],
                [0.750, 0.750, 0.50]
            ]
        }
    }
}
