{
   "control" : {
        "!cyclic_block_size" : 16,
        "!processing_unit" : "gpu",
        "!std_evp_solver_type" : "scalapack",
        "!gen_evp_solver_type" : "scalapack",
        "verbosity" : 2,
        "verification" : 0,
        "print_memory_usage" : false,
        "print_checksum" : false
    },

    "parameters" : {
        "electronic_structure_method" : "pseudopotential",

        "!num_fv_states" : 50,

        "xc_functionals" : ["XC_LDA_X", "XC_LDA_C_PZ"],

        "smearing_width" : 0.025,

        "use_symmetry" : true,

        "num_mag_dims" : 0,
        
        "gk_cutoff" : 5,
        "pw_cutoff" : 20.00,

        "energy_tol" : 1e-8,
        "potential_tol" : 1e-8,

        "num_dft_iter" : 100,

        "ngridk" : [1,1,1],
        "gamma_point" : true
    },


    "iterative_solver" : {
        "!energy_tolerance" : 1e-12,
        "!residual_tolerance" : 1e-8,
        "!num_steps" : 40,
        "!subspace_size" : 4,
        "!type" : "davidson",
        "converge_by_energy" : 1,
        "!orthogonalize" : false,
        "!init_subspace" : "lcao"
    },
    
    "mixer" : {
      "beta" : 0.8,
      "type" : "broyden1",
      "max_history" : 8
    },

    "unit_cell": {
        "atom_coordinate_units": "au",
        "atom_files": {
            "C": "C.json"
        },
        "atom_types": ["C"],
        "atoms": {
            "C": [
                [1.401269715887484,-6.709926139538149,0.0],
                [6.7099261395381475,-1.3322676295501878e-15,1.401269715887484],
                [6.709926139538148,8.881784197001252e-16,-1.4012697158874836],
                [-6.709926139538151,-8.881784197001252e-16,1.401269715887485],
                [-6.709926139538149,0.0,-1.401269715887484],
                [0.0,1.4012697158874854,-6.7099261395381475],
                [0.0,-1.4012697158874832,-6.7099261395381475],
                [-8.881784197001252e-16,1.401269715887485,6.709926139538149],
                [8.881784197001252e-16,-1.4012697158874827,6.709926139538149],
                [-1.4012697158874832,-6.7099261395381475,0.0],
                [1.401269715887484,6.7099261395381475,-1.3322676295501878e-15],
                [-1.4012697158874845,6.709926139538148,0.0],
                [2.829486926311266,-5.928448797985512,2.290537035585307],
                [5.928448797985512,2.2905370355853063,2.829486926311265],
                [5.928448797985512,-2.290537035585307,-2.829486926311266],
                [-5.928448797985513,-2.290537035585307,2.829486926311265],
                [-5.928448797985513,2.2905370355853063,-2.829486926311266],
                [2.2905370355853094,2.8294869263112656,-5.928448797985512],
                [-2.29053703558531,-2.829486926311266,-5.928448797985512],
                [-2.290537035585307,2.829486926311266,5.928448797985511],
                [2.290537035585307,-2.829486926311266,5.928448797985511],
                [2.829486926311267,-5.928448797985511,-2.29053703558531],
                [-2.829486926311266,-5.928448797985513,2.2905370355853063],
                [2.829486926311265,5.928448797985512,2.2905370355853063],
                [-2.8294869263112674,5.928448797985511,-2.29053703558531],
                [-5.928448797985512,-2.290537035585307,-2.829486926311266],
                [-5.928448797985512,2.290537035585307,2.829486926311266],
                [5.928448797985511,2.290537035585307,-2.829486926311266],
                [5.928448797985511,-2.290537035585307,2.829486926311266],
                [-2.29053703558531,-2.8294869263112674,5.928448797985511],
                [2.2905370355853067,2.8294869263112643,5.928448797985511],
                [2.2905370355853063,-2.829486926311266,-5.928448797985513],
                [-2.290537035585307,2.829486926311265,-5.928448797985513],
                [-2.8294869263112665,5.928448797985511,2.290537035585307],
                [2.829486926311266,5.92844879798551,-2.2905370355853085],
                [-2.829486926311266,-5.92844879798551,-2.2905370355853085],
                [4.985286489215091,-4.446336598489135,1.4012697158874854],
                [4.446336598489135,1.4012697158874858,4.985286489215091],
                [4.446336598489134,-1.4012697158874836,-4.985286489215092],
                [-4.446336598489135,-1.4012697158874836,4.985286489215091],
                [-4.446336598489134,1.4012697158874858,-4.985286489215091],
                [1.4012697158874854,4.985286489215091,-4.446336598489135],
                [-1.401269715887483,-4.985286489215091,-4.446336598489134],
                [-1.401269715887483,4.985286489215092,4.446336598489135],
                [1.4012697158874854,-4.985286489215092,4.446336598489134],
                [4.985286489215091,-4.446336598489135,-1.4012697158874836],
                [-4.985286489215091,-4.446336598489134,1.4012697158874858],
                [4.985286489215092,4.446336598489135,1.401269715887486],
                [-4.985286489215092,4.446336598489134,-1.4012697158874836],
                [-4.446336598489134,-1.401269715887483,-4.985286489215091],
                [-4.446336598489135,1.4012697158874854,4.985286489215091],
                [4.446336598489134,1.4012697158874854,-4.985286489215092],
                [4.446336598489135,-1.401269715887483,4.985286489215092],
                [-1.4012697158874836,-4.985286489215092,4.446336598489134],
                [1.401269715887486,4.985286489215092,4.446336598489135],
                [1.4012697158874858,-4.985286489215091,-4.446336598489134],
                [-1.4012697158874836,4.985286489215091,-4.446336598489135],
                [-4.985286489215092,4.446336598489134,1.4012697158874854],
                [4.985286489215091,4.446336598489134,-1.4012697158874858],
                [-4.985286489215092,-4.446336598489135,-1.4012697158874858]
            ]
        },
        "lattice_vectors": [
            [20, 0, 0],
            [0, 20, 0],
            [0, 0, 20]
        ]
    }
}
