{
    "cyclic_block_size" : 32,
    "processing_unit" : "cpu",
    
    "std_evp_solver_type" : "lapack",
    "gen_evp_solver_type" : "lapack",
    
    "mpi_grid_dims" : [1, 1, 1],
    
    "auto_rmt" : 1,

    "num_mag_dims" : 1,

    "num_dft_iter" : 2,

    "ngridk" : [1, 1, 1],
    
    "use_symmetry" : 1,

    "pw_cutoff" : 16,

    "aw_cutoff" : 7,
    
    "lmax_apw" : 8,
    "lmax_pot" : 8,
    "lmax_rho" : 8,

    "potential_tol" : 1e-8,
    "energy_tol" : 1e-8,
    
    "mixer" : {
        "beta" : 0.8,
        "type" : "broyden2",
        "max_history" : 8
    },
    
    "xc_functionals" : ["XC_LDA_X", "XC_LDA_C_VWN"],

    "unit_cell" : {
        "lattice_vectors" : [
            [17.396819, 0.0, 0.0],
            [0.0, 17.396819, 0.0],
            [0.0, 0.0, 11.209855]
        ],
        "atom_types" : [
            "O",
            "Ti",
            "Co"
        ],
        "atom_files" : {
            "O" : "O.json",
            "Ti" : "Ti.json",
            "Co" : "Co.json"
        },
        "atoms" : {
            "O" : [
                [0.152250, 0.152250, 0.0],
                [0.152250, 0.152250, 0.50],
                [0.152250, 0.652250, 0.0],
                [0.152250, 0.652250, 0.50],
                [0.652250, 0.152250, 0.0],
                [0.652250, 0.152250, 0.50],
                [0.652250, 0.652250, 0.0],
                [0.652250, 0.652250, 0.50],
                [0.347750, 0.347750, 0.0],
                [0.347750, 0.347750, 0.50],
                [0.347750, 0.847750, 0.0],
                [0.347750, 0.847750, 0.50],
                [0.847750, 0.347750, 0.0],
                [0.847750, 0.347750, 0.50],
                [0.847750, 0.847750, 0.0],
                [0.847750, 0.847750, 0.50],
                [0.402250, 0.097750, 0.250],
                [0.402250, 0.097750, 0.750],
                [0.402250, 0.597750, 0.250],
                [0.402250, 0.597750, 0.750],
                [0.902250, 0.097750, 0.250],
                [0.902250, 0.097750, 0.750],
                [0.902250, 0.597750, 0.250],
                [0.902250, 0.597750, 0.750],
                [0.097750, 0.402250, 0.250],
                [0.097750, 0.402250, 0.750],
                [0.097750, 0.902250, 0.250],
                [0.097750, 0.902250, 0.750],
                [0.597750, 0.402250, 0.250],
                [0.597750, 0.402250, 0.750],
                [0.597750, 0.902250, 0.250],
                [0.597750, 0.902250, 0.750]
            ],
            "Ti" : [
                [0.0, 0.0, 0.50],
                [0.0, 0.50, 0.0],
                [0.0, 0.50, 0.50],
                [0.50, 0.0, 0.0],
                [0.50, 0.0, 0.50],
                [0.50, 0.50, 0.0],
                [0.50, 0.50, 0.50],
                [0.250, 0.250, 0.250],
                [0.250, 0.250, 0.750],
                [0.250, 0.750, 0.250],
                [0.250, 0.750, 0.750],
                [0.750, 0.250, 0.250],
                [0.750, 0.250, 0.750],
                [0.750, 0.750, 0.250],
                [0.750, 0.750, 0.750]
            ],
            "Co" : [
                [0.0, 0.0, 0.0,  0, 0, 1]
            ]
        }
    }
}
