{
  "energy": {
    "total":   -280.4269941    
  },
  "stress": {
    "total": [
        [  0.2580447164E-04,   0.000000000    ,   0.000000000    ],
        [   0.000000000    ,  0.2580447164E-04,   0.000000000    ],
        [   0.000000000    ,   0.000000000    ,  0.2580447164E-04]
    ]
  },
  "force": {
    "total": [
        [   0.000000000    ,   0.000000000    ,   0.000000000    ],
        [   0.000000000    ,   0.000000000    ,   0.000000000    ],
        [   0.000000000    ,   0.000000000    ,   0.000000000    ],
        [   0.000000000    ,   0.000000000    ,   0.000000000    ],
        [ -0.9258620122E-02, -0.9258620122E-02,  0.9258620122E-02],
        [ -0.9258620122E-02,  0.9258620122E-02, -0.9258620122E-02],
        [  0.9258620122E-02, -0.9258620122E-02, -0.9258620122E-02],
        [  0.9258620122E-02,  0.9258620122E-02,  0.9258620122E-02]
    ]
  }
}
