{
  "control" : {
     "verbosity" : 2
  },
  "parameters" : {
        "electronic_structure_method" : "pseudopotential",
        "xc_functionals" : ["XC_GGA_X_PBE", "XC_GGA_C_PBE"],
        "smearing_width" : 0.01,
        
        "gk_cutoff" : 5.5,
        "pw_cutoff" : 15,
        
        "energy_tol" : 1e-10,
        
        "ngridk" : [1, 1, 1],
        "gamma_point" : true
    },
  "unit_cell" : {
    "lattice_vectors": [
      [19.3712562000, 0.0000000000, 0.0000000000],
      [9.6856282000, 27.9600000000, 0.0000000000],
      [0.0000000000, 0.0000000000, 14.0000000000]
    ],
    "lattice_vectors_scale" : 1.8897259886,
    "atom_coordinate_units" : "A",
    "atom_types" : ["Pd", "O"],
    
    "atom_files" : {
        "Pd" : "Pd.pz-n-kjpaw_psl.0.3.0.UPF",
        "O"  : "O.pbe-n-kjpaw_psl.0.1.UPF"
    },
    
    "atoms" : {
        "Pd" : [
		[ 1.6142717000,  0.0000000000,  -2.2830762000],
		[11.2998998000,  0.0000000000,  -2.2830762000],
		[13.7213068000, 12.5820000000,  -2.2830762000],
		[23.4069349000, 12.5820000000,  -2.2830762000],
		[ 6.4570857000, 11.1840000000,  -2.2830762000],
		[16.1427138000, 11.1840000000,  -2.2830762000],
		[ 8.8784927000,  9.7860000000,  -2.2830762000],
		[18.5641208000,  9.7860000000,  -2.2830762000],
		[ 1.6142717000,  2.7960000000,  -2.2830762000],
		[11.2998998000,  2.7960000000,  -2.2830762000],
		[ 4.0356787000,  1.3980000000,  -2.2830762000],
		[13.7213068000,  1.3980000000,  -2.2830762000],
		[ 6.4570857000,  0.0000000000,  -2.2830762000],
		[16.1427138000,  0.0000000000,  -2.2830762000],
		[ 8.8784927000, 12.5820000000,  -2.2830762000],
		[18.5641208000, 12.5820000000,  -2.2830762000],
		[11.2998998000,  5.5920000000,  -2.2830762000],
		[20.9855279000,  5.5920000000,  -2.2830762000],
		[ 4.0356787000,  4.1940000000,  -2.2830762000],
		[13.7213068000,  4.1940000000,  -2.2830762000],
		[ 6.4570857000,  2.7960000000,  -2.2830762000],
		[16.1427138000,  2.7960000000,  -2.2830762000],
		[ 8.8784927000,  1.3980000000,  -2.2830762000],
		[18.5641208000,  1.3980000000,  -2.2830762000],
		[11.2998998000,  8.3880000000,  -2.2830762000],
		[20.9855279000,  8.3880000000,  -2.2830762000],
		[ 4.0356787000,  6.9900000000,  -2.2830762000],
		[13.7213068000,  6.9900000000,  -2.2830762000],
		[ 6.4570857000,  5.5920000000,  -2.2830762000],
		[16.1427138000,  5.5920000000,  -2.2830762000],
		[ 8.8784927000,  4.1940000000,  -2.2830762000],
		[18.5641208000,  4.1940000000,  -2.2830762000],
		[11.2998998000, 11.1840000000,  -2.2830762000],
		[20.9855279000, 11.1840000000,  -2.2830762000],
		[ 4.0356787000,  9.7860000000,  -2.2830762000],
		[13.7213068000,  9.7860000000,  -2.2830762000],
		[ 6.4570857000,  8.3880000000,  -2.2830762000],
		[16.1427138000,  8.3880000000,  -2.2830762000],
		[ 8.8784927000,  6.9900000000,  -2.2830762000],
		[18.5641208000,  6.9900000000,  -2.2830762000],
		[ 0.0000000000,  0.0000000000,  0.0000000000],
		[ 9.6856281000,  0.0000000000,  0.0000000000],
		[12.1070351000, 12.5820000000,  0.0000000000],
		[21.7926632000, 12.5820000000,  0.0000000000],
		[ 4.8428141000, 11.1840000000,  0.0000000000],
		[14.5284422000, 11.1840000000,  0.0000000000],
		[ 7.2642211000,  9.7860000000,  0.0000000000],
		[16.9498492000,  9.7860000000,  0.0000000000],
		[ 9.6856281000,  2.7960000000,  0.0000000000],
		[19.3712562000,  2.7960000000,  0.0000000000],
		[ 2.4214070000,  1.3980000000,  0.0000000000],
		[12.1070351000,  1.3980000000,  0.0000000000],
		[ 4.8428141000,  0.0000000000,  0.0000000000],
		[14.5284422000,  0.0000000000,  0.0000000000],
		[ 7.2642211000, 12.5820000000,  0.0000000000],
		[16.9498492000, 12.5820000000,  0.0000000000],
		[ 9.6856281000,  5.5920000000,  0.0000000000],
		[19.3712562000,  5.5920000000,  0.0000000000],
		[ 2.4214070000,  4.1940000000,  0.0000000000],
		[12.1070351000,  4.1940000000,  0.0000000000],
		[ 4.8428141000,  2.7960000000,  0.0000000000],
		[14.5284422000,  2.7960000000,  0.0000000000],
		[ 7.2642211000,  1.3980000000,  0.0000000000],
		[16.9498492000,  1.3980000000,  0.0000000000],
		[ 9.6856281000,  8.3880000000,  0.0000000000],
		[19.3712562000,  8.3880000000,  0.0000000000],
		[12.1070351000,  6.9900000000,  0.0000000000],
		[21.7926632000,  6.9900000000,  0.0000000000],
		[ 4.8428141000,  5.5920000000,  0.0000000000],
		[14.5284422000,  5.5920000000,  0.0000000000],
		[ 7.2642211000,  4.1940000000,  0.0000000000],
		[16.9498492000,  4.1940000000,  0.0000000000],
		[ 9.6856281000, 11.1840000000,  0.0000000000],
		[19.3712562000, 11.1840000000,  0.0000000000],
		[12.1070351000,  9.7860000000,  0.0000000000],
		[21.7926632000,  9.7860000000,  0.0000000000],
		[ 4.8428141000,  8.3880000000,  0.0000000000],
		[14.5284422000,  8.3880000000,  0.0000000000],
		[ 7.2642211000,  6.9900000000,  0.0000000000],
		[16.9498492000,  6.9900000000,  0.0000000000],
		[ 0.7745727000,  1.3999623000,  2.2443605000],
		[10.4602008000,  1.3999623000,  2.2443605000],
		[ 3.1540288000,  0.0000000000,  2.2747099000],
		[12.8396569000,  0.0000000000,  2.2747099000],
		[ 5.6173927000, 12.5800357000,  2.2443605000],
		[15.3030208000, 12.5800357000,  2.2443605000],
		[ 8.0269568000, 11.1846093000,  2.2607494000],
		[17.7125849000, 11.1846093000,  2.2607494000],
		[10.3479228000,  4.2337258000,  2.2910720000],
		[20.0335509000,  4.2337258000,  2.2910720000],
		[ 3.1841368000,  2.7953983000,  2.2607494000],
		[12.8697649000,  2.7953983000,  2.2607494000],
		[ 5.5478281000,  1.3907992000,  2.2461669000],
		[15.2334562000,  1.3907992000,  2.2461669000],
		[ 8.0040972000,  0.0000000000,  2.3791985000],
		[17.6897253000,  0.0000000000,  2.3791985000],
		[10.4107334000,  6.9962693000,  2.2330919000],
		[20.0963615000,  6.9962693000,  2.2330919000],
		[ 3.1640402000,  5.5140150000,  2.2976247000],
		[12.8496683000,  5.5140150000,  2.2976247000],
		[ 5.6460560000,  4.2236502000,  2.2986371000],
		[15.3316841000,  4.2236502000,  2.2986371000],
		[ 7.9996485000,  2.7425092000,  2.2793373000],
		[17.6852766000,  2.7425092000,  2.2793373000],
		[10.4888760000,  9.7563478000,  2.2986371000],
		[20.1745041000,  9.7563478000,  2.2986371000],
		[ 3.1376425000,  8.2823188000,  2.1608474000],
		[12.8232706000,  8.2823188000,  2.1608474000],
		[ 5.5679234000,  6.9837287000,  2.2330919000],
		[15.2535515000,  6.9837287000,  2.2330919000],
		[ 7.9804525000,  5.6976792000,  2.1608474000],
		[17.6660806000,  5.6976792000,  2.1608474000],
		[10.3906481000, 12.5891988000,  2.2461669000],
		[20.0762762000, 12.5891988000,  2.2461669000],
		[12.8424585000, 11.2374887000,  2.2793373000],
		[22.5280866000, 11.2374887000,  2.2793373000],
		[ 5.5051128000,  9.7462722000,  2.2910720000],
		[15.1907409000,  9.7462722000,  2.2910720000],
		[ 8.0068602000,  8.4659830000,  2.2976247000],
		[17.6924883000,  8.4659830000,  2.2976247000],
		[ 3.1841391000,  0.0000000000,  4.9389092000],
		[12.8697672000,  0.0000000000,  4.9389092000],
		[12.8783086000,  9.3180550000,  4.6382619000],
		[22.5639367000,  9.3180550000,  4.6382619000],
		[ 8.0354986000,  4.6619430000,  4.6382619000],
		[17.7211267000,  4.6619430000,  4.6382619000],
		[11.3789397000, 12.5879637000,  4.7422669000],
		[21.0645678000, 12.5879637000,  4.7422669000],
		[ 6.6050534000,  7.8536465000,  4.6684092000],
		[16.2906815000,  7.8536465000,  4.6684092000],
		[ 1.7555349000,  3.1324977000,  4.7038932000],
		[11.4411630000,  3.1324977000,  4.7038932000],
		[ 4.6148102000,  3.1376219000,  4.7422207000],
		[14.3004383000,  3.1376219000,  4.7422207000],
		[ 4.6629133000, 12.5889612000,  4.7439695000],
		[14.3485414000, 12.5889612000,  4.7439695000],
		[ 9.4598597000,  7.8587497000,  4.6822338000],
		[19.1454878000,  7.8587497000,  4.6822338000],
		[ 6.5361197000,  1.3920439000,  4.7422669000],
		[16.2217478000,  1.3920439000,  4.7422669000],
		[ 6.5983549000, 10.8475003000,  4.7038932000],
		[16.2839830000, 10.8475003000,  4.7038932000],
		[11.4478734000,  6.1263514000,  4.6684092000],
		[21.1335015000,  6.1263514000,  4.6684092000],
